method,score
GaussianNB,0.5052083333333334
MultinomialNB,0.5230654761904762
BernoulliNB,0.5014880952380952
KNeighborsClassifier,0.9665178571428571
MLPClassifier,0.7328869047619048
XGBClassifier,0.9315476190476191
Average,0.9315476190476191
Model Stack,0.8474702380952381
