method,score
GaussianNB,0.5059523809523809
MultinomialNB,0.5505952380952381
BernoulliNB,0.5014880952380952
KNeighborsClassifier,0.9918154761904762
MLPClassifier,0.7090773809523809
XGBClassifier,0.9769345238095238
Average,0.9769345238095238
Model Stack,0.9866071428571429
