method,score
GaussianNB,0.5729166666666666
MultinomialNB,0.6242559523809523
BernoulliNB,0.5014880952380952
KNeighborsClassifier,0.5833333333333334
MLPClassifier,0.5446428571428571
XGBClassifier,0.6123511904761905
Average,0.6123511904761905
Model Stack,0.6168154761904762
