method,score
GaussianNB,0.5126488095238095
MultinomialNB,0.5513392857142857
BernoulliNB,0.5014880952380952
KNeighborsClassifier,0.9940476190476191
MLPClassifier,0.6919642857142857
XGBClassifier,0.9806547619047619
Average,0.9806547619047619
Model Stack,0.984375
